text,label,predictions
Quels sont les avantages de terminer le lycée,out_of_scope,out_of_scope
J'ai besoin d'une chambre d'hôtel assez grande pour 4 personnes du lundi au mercredi à Lakewood,book_hotel,book_hotel
Qu'est-ce que je suis autorisé à prendre en cabine avec American Airlines,carry_on,carry_on
Veuillez trouver la capitale du Pakistan ,out_of_scope,out_of_scope
Perte des bagages sur Flight America Airlines à O'Hare,lost_luggage,lost_luggage
Est-il sûr de se rendre en Islande,travel_alert,travel_alert
Quel personnage Marvel est apparu dans le plus de films,out_of_scope,out_of_scope
Je recherche un vol aller-retour de AAF à DIA du 23 février au 28 février,book_flight,book_flight
Dites-moi comment dire: «C'est une belle matinée» en italien,translate,translate
Quand allons-nous commencer à monter à bord de mon vol prévu,flight_status,flight_status
Que puis-je faire à Nashville,travel_suggestion,travel_suggestion
Quels hôtels ont des critiques décentes à Bangor,book_hotel,out_of_scope
Dois-je payer pour mes bagages à main,carry_on,lost_luggage
Que vaut un dollar au Mexique,out_of_scope,out_of_scope
Où est la meilleure cave du sud de la France,travel_suggestion,out_of_scope
Dites-moi comment dire « matin ensoleillé » en japonais,translate,translate
Traduisez « It's a nice day » en italien,translate,translate
À quelle heure commence l'embarquement pour mon vol ?,flight_status,flight_status
When does boarding start for my flight?,flight_status,flight_status
Quel est le meilleur endroit pour manger à San Francisco,travel_suggestion,out_of_scope
