text,label
Combien coûte des frais de découvert pour la banque,out_of_scope
"Pouvez-vous me dire comment dire «je ne parle pas beaucoup espagnol», en espagnol",translate
J'ai besoin de réserver un vol aller-retour de Dallas à Los Angeles du 2 au 10 mars,book_flight
Je pense que mes bagages ont été perdus,lost_luggage
Y a-t-il une alerte de voyage pour la Russie,travel_alert
Parlez-moi des alertes de voyage émises pour l'Allemagne,travel_alert
Quelle est la compagnie aérienne la plus populaire,out_of_scope
"Si je vais à Evans, que dois-je faire",travel_suggestion
Restrictions de cabine pour les émirats arabes unis,carry_on
Je voudrais savoir quels vols sont disponibles sur El Paso à Dallas le 10 juin pour moins de 300 $,book_flight
"Aide, j'ai perdu mes bagages",lost_luggage
Quel est le taux de change entre l'USD et l'euro,out_of_scope
Voulez-vous me faire part des restrictions de bagage à main pour American Airlines,carry_on
Combien d'Oscars ont gagné les films Star Wars,out_of_scope
Localiser les bagages perdus de Flight America Airlines à O'Hare,lost_luggage
"Trouvez un hôtel Columbus, Ohio avec de bonnes critiques",book_hotel
Quand Camus est-il mort,out_of_scope
Combien de côtés dans un hexagone,out_of_scope
Combien de bagages à main puis-je prendre pendant un vol avec United pour Lax,carry_on
Quand Nintendo a-t-il été créé,out_of_scope
Savez-vous qui je devrais contacter car mes valises ne sont pas arrivées,lost_luggage
qui est le personnage le plus effrayant de Start Trek,out_of_scope
Combien de planètes avons-nous découvert,out_of_scope
Donnez-moi une liste de choses à faire à Orlando,travel_suggestion
Veuillez suggérer des activités touristiques amusantes à Tokyo,travel_suggestion
quelle est la porte d'embarquement pour mon vol AF847,flight_status
Quand mon vol atterrira-t-il,flight_status
Y a-t-il des alertes de voyage pour la Syrie,travel_alert
Veuillez me dire comment demander un taxi en français,translate
Y a-t-il une limite de poids de bagage cabine,carry_on
"Si j'étais japonais, comment dirais-je que je suis touriste",translate
Quelles sont les règles concernant les bagages à main pour les vols Virgin Airlines,carry_on
Quelle taille d'essuie-glace cette voiture prend-t-elle,out_of_scope
"Mes bagages sont manquants, j'étais sur le vol Frontier AB123 depuis Seattle",lost_luggage
Quelle est la durée de vie de la batterie moyenne d'un téléphone Android,out_of_scope
Comment dire bonjour en anglais,translate
Veuillez me trouver une chambre d'hôtel pour 4 personnes du lundi au mercredi à Lakewood,book_hotel
Trouvez-moi des vols aller-retour de LAX vers SFOX,book_flight
Réservez un vol de Chicago à DC lundi et revenant mercredi,book_flight
"J'ai besoin que vous traduisiez la phrase, «nous y serons bientôt» en portugais",translate
Quand mon vol décollera-t-il,flight_status
Y a-t-il des nouvelles sur le vol DL123,flight_status
Pouvez-vous me dire le fuseau horaire à San Francisco,out_of_scope
Réservez-moi une chambre du 11 au 15 novembre à Cali,book_hotel
Y a-t-il des activités touristiques amusantes en Australie,travel_suggestion
"S'il vous plaît, aidez-moi à réserver un endroit où séjourner à Pittsburgh du lundi au vendredi",book_hotel
Quels sont les bons restaurants à Chicago,travel_suggestion
Pouvez-vous me dire à quelle vitesse moyenne l'avion vers la Californie va,out_of_scope
