,precision,recall,f1-score,support
out_of_scope,0.7777777777777778,0.6862745098039216,0.7291666666666666,51.0
translate,0.8888888888888888,0.8888888888888888,0.8888888888888888,9.0
book_flight,0.8,0.9523809523809523,0.8695652173913043,21.0
lost_luggage,0.6923076923076923,0.6923076923076923,0.6923076923076923,13.0
travel_alert,1.0,0.3888888888888889,0.56,18.0
travel_suggestion,0.5964912280701754,0.8717948717948718,0.7083333333333334,39.0
carry_on,1.0,1.0,1.0,39.0
book_hotel,1.0,0.8787878787878788,0.9354838709677419,33.0
flight_status,0.8947368421052632,0.85,0.8717948717948718,20.0
accuracy,0.8148148148148148,0.8148148148148148,0.8148148148148148,0.8148148148148148
macro avg,0.8500224921277553,0.8010359647614549,0.8061711712611667,243.0
weighted avg,0.8420763843765794,0.8148148148148148,0.8125935586133758,243.0
